BLOCK_SIZE,objective,elapsed_sec
5,0.094,9.449480056762695
2,0.299,11.348366737365723
8,0.052,13.273531436920166
6,0.069,15.490052938461304
7,0.062,17.681843519210815
