BLOCK_SIZE,objective,elapsed_sec
5,0.067,13.138396501541138
2,0.193,14.869844198226929
8,0.037,16.7438805103302
6,0.049,18.95327854156494
7,0.045,21.134923219680786
3,0.112,23.093836307525635
9,0.035,25.095849752426147
10,0.032,27.09901237487793
4,0.084,29.095842599868774
1,0.485,33.137933015823364
